{"cameraMode":{"drawMode":0,"name":"Shaded","section":"Shading Mode"},"sceneLighting":false,"audioPlay":false,"sceneViewState":{"m_AlwaysRefresh":false,"showFog":true,"showSkybox":false,"showFlares":true,"showImageEffects":true,"showParticleSystems":true,"showVisualEffectGraphs":true,"m_FxEnabled":true},"in2DMode":false,"pivot":{"x":2.980232238769531e-7,"y":1.6634876728057862,"z":0.05360960215330124},"rotation":{"x":-0.028790943324565889,"y":0.03207824006676674,"z":-0.0009244012762792409,"w":-0.9990712404251099},"size":6.036620616912842,"orthographic":false}