{"cameraMode":{"drawMode":0,"name":"Shaded","section":"Shading Mode"},"sceneLighting":true,"audioPlay":false,"sceneViewState":{"m_AlwaysRefresh":false,"showFog":true,"showSkybox":true,"showFlares":true,"showImageEffects":true,"showParticleSystems":true,"showVisualEffectGraphs":true,"m_FxEnabled":true},"in2DMode":false,"pivot":{"x":0.9352048635482788,"y":7.060990333557129,"z":-10.402485847473145},"rotation":{"x":-0.1920836865901947,"y":0.046217408031225207,"z":-0.009033570997416973,"w":-0.9802868366241455},"size":0.049148883670568469,"orthographic":false}